id,firstName,lastName,email,gender,salary,joiningDate
459,Adrien,Besantie,abesantiecq@eepurl.com,Male,80753,Fri Feb 01 00:00:00 IST 2019
650,Alan,Springle,aspringlei1@list-manage.com,Male,93095,Sat Oct 05 00:00:00 IST 2019
116,Ali,Masarrat,amasarrat37@cpanel.net,Male,80026,Thu Apr 08 00:00:00 IST 2021
506,Burch,Tweedlie,btweedliee1@barnesandnoble.com,Male,94904,Sat Aug 26 00:00:00 IST 2023
919,Davy,Benzie,dbenziepi@washington.edu,Male,95539,Wed Oct 30 00:00:00 IST 2013
556,Deck,Tyres,dtyresff@usnews.com,Male,93960,Sat Sep 01 00:00:00 IST 2018
425,Demetrius,Coulston,dcoulstonbs@ihg.com,Male,97922,Mon Mar 07 00:00:00 IST 2016
289,Doy,Dugald,ddugald80@nature.com,Male,90768,Thu Dec 23 00:00:00 IST 2021
783,Edgar,Dymidowski,edymidowskilq@senate.gov,Male,92887,Mon Aug 31 00:00:00 IST 2015
383,Fonsie,Bamlett,fbamlettam@yahoo.co.jp,Male,99945,Sat Mar 09 00:00:00 IST 2019
